a,delta,Tm,D_Tm,Hmix,σHmix,Sid,Elec_nega,D_elec_nega,VEC,d_VEC,BulkModulus,D_Bulk,Phase_inshort
0.8671,0.1881,2239.19,376.93,0,0,0.2712,2.0069,0.1146,3,0,3.01E+11,65.0185,IM
0.9062,0.1902,2232,232,-15.36,3.456,0.5004,2.008,0.064,4.2,2.4,2.92E+11,56,IM
1.024,0.2817,1876.49,666.82,0,0,0.6365,1.8967,0.2027,3,0,2.39E+11,115.0227,IM
1.028,0.2538,2312.4,313.58,-41.44,8.1388,0.9503,1.92,0.1716,4.6,2.3324,2.62E+11,71.1056,IM
1.0727,0.3331,2400.67,74.48,-58.6667,3.457,0.6365,1.7933,0.3488,3.3333,0.4714,2.50E+11,98.9949,IM
1.079,0.2475,2428.5,558.09,-46.25,9.3802,1.0397,1.8725,0.2215,5.25,2.8614,2.55E+11,65.3835,IM
1.08,0.2477,2303.5,350.03,-45.25,9.5731,1.0397,1.89,0.1797,5,2.4495,2.48E+11,72.5862,IM
1.0982,0.2512,1992.22,353.58,-30.0247,8.2773,0.965,1.8467,0.2687,5.2222,2.4845,2.21E+11,97.3699,IM
1.104,0.1819,1934.67,292.27,-21.3333,1.2571,0.6365,1.9533,0.0613,7.6667,3.2998,2.27E+11,65.9966,IM
1.106,0.1829,2236,79.2,-27.5556,1.6237,0.6365,1.7867,0.1791,5,1.4142,2.13E+11,75.4247,IM
1.1073,0.1835,1961.33,273.41,-21.3333,1.2571,0.6365,1.9333,0.0754,7,2.8284,2.27E+11,65.9966,IM
1.1163,0.157,1903.5,260.47,-34.5,10.4208,1.3863,1.9125,0.0779,6,2.5495,1.93E+11,79.8044,AM
1.1224,0.2233,2443.2,433.52,-31.68,7.3694,1.0549,2.062,0.093,5.6,2.5768,2.56E+11,55.3534,IM
1.1231,0.1866,2043.01,397.63,-26.5718,8.4745,1.2082,1.8995,0.127,6.69,2.6616,2.23E+11,65.9527,AM
1.1234,0.2235,2451.2,420.42,-31.04,7.721,1.0549,2.056,0.1031,5.4,2.245,2.56E+11,55.3534,IM
1.125,0.2245,2770.8,783.76,-27.84,7.7723,1.0549,2.136,0.192,5.4,2.245,2.88E+11,54.1849,IM
1.1395,0.1619,1883,268.47,-18,2.5981,0.5623,1.9425,0.0563,8.25,3.0311,2.15E+11,60.6218,IM
1.1446,0.2468,1900.61,345.27,-22.1358,2.9131,0.8277,1.9028,0.2271,7.2222,3.489,2.18E+11,81.2083,IM
1.1447,0.2045,2337.33,460.57,-28,8.0346,1.0986,2.0267,0.1147,6,2.4495,2.43E+11,57.9272,IM
1.1632,0.0881,1600.11,116.93,-11.3019,5.7383,0.3365,1.5668,0.0092,2.2105,0.6138,1.28E+11,6.1378,IM
1.1635,0.3166,1907.17,473.32,-41.1111,11.3102,1.0114,1.705,0.4064,3.8333,1.8634,1.99E+11,129.4488,IM
1.1637,0.1519,1799.43,348.25,-13.2699,6.5984,0.7441,1.9466,0.0593,8.2069,2.9406,1.99E+11,70.6422,IM
1.165,0.1529,1841.86,263.78,-17.8074,3.6638,0.7441,1.9121,0.1115,8.3448,2.8318,2.05E+11,60.721,IM
1.166,0.2354,2021.33,263.73,-45.4444,10.7039,1.0114,1.8417,0.2398,6.1667,2.8529,2.08E+11,87.8003,IM
1.1663,0.1523,1916.62,243.7,-19.5767,3.4145,0.7441,1.8959,0.0967,7.4828,2.4999,2.08E+11,57.6347,IM
1.1673,0.1529,1828.4,342.73,-12.6706,6.9379,0.7441,1.9248,0.0727,7.4828,2.4999,1.99E+11,70.6422,IM
1.1706,0.158,1964,438.29,-23.258,3.9005,0.7441,1.9086,0.1228,8.2069,2.9406,2.10E+11,56.2312,IM
1.1716,0.1616,1832.68,343,-18.5714,3.1303,0.7589,1.895,0.1023,7.2857,2.7105,2.03E+11,66.8065,IM
1.1765,0.1622,1787.09,397.07,-13.38,5.9695,0.6874,1.9295,0.062,8.25,3.0311,2.01E+11,67.5907,IM
1.1794,0.1593,1772.55,371.51,-19.6,3.2858,0.8018,1.906,0.1112,7.9,3.2078,1.98E+11,68.497,IM
1.180206897,0.165267647,1878.310345,248.256278,-28.65160523,4.939410257,0.81691517,1.89862069,0.132397628,7.931034483,3.095391842,2.02E+11,63.95413041,IM
1.1803,0.0991,1522.89,82.98,0,0,0.4506,1.7317,0.3615,3.5,3.3541,1.45E+11,33.541,IM
1.1808,0.1713,1909.93,296.94,-26.5398,5.9263,0.7441,1.8948,0.1701,8.1379,3.0255,2.04E+11,61.729,IM
1.1823,0.0351,1728.33,58.45,-31.1111,1.8332,0.6365,1.8767,0.033,5.3333,1.8856,1.23E+11,32.9983,IM
1.1825,0.1739,1883.86,257.43,-28.2235,7.095,0.7441,1.8969,0.1629,8.1379,3.0255,2.01E+11,66.4645,IM
1.183655172,0.175813149,1771.936552,425.1362644,-14.15457788,5.867272128,0.744129541,1.940344828,0.052422867,8.137931034,3.025456796,2.01E+11,68.25893207,IM
1.185,0.038189733,1851.333333,232.4024287,-32.88888889,1.937996363,0.636514168,1.82,0.113137085,4.666666667,0.942809042,1.20E+11,28.28427125,IM
1.1905,0.1238,1901.97,240.89,-15.4872,5.6194,0.6654,1.8525,0.0834,7.21,1.8182,1.88E+11,52.1072,SS
1.1921,0.1752,1916.67,236.03,-27.7244,9.0109,1.0317,1.8635,0.1711,7.31,2.5365,1.98E+11,67.417,AM
1.1938,0.1778,1749.56,504.51,-10.1593,8.0816,0.8169,1.9028,0.0762,7.1379,2.7758,1.94E+11,78.0405,IM
1.1963,0.1801,1771.5,373.89,-14.88,4.7221,0.8018,1.876,0.1955,7.8,3.3705,1.95E+11,74.3791,IM
1.197,0.0368,1749,62,-35,0,0.6931,1.865,0.035,6,2,1.35E+11,35,IM
1.1972,0.1062,1866.23,231.27,-24.0699,5.6738,0.8646,1.8522,0.076,6.95,1.9151,1.74E+11,51.7826,SS
1.202,0.1337,2144.54,257.25,-19.7604,7.8318,1.1327,1.7618,0.1474,6.23,1.8539,1.88E+11,53.9313,AM
1.2021,0.1337,2123.94,269.77,-20.0244,8.0037,1.167,1.7728,0.1476,6.38,1.9482,1.89E+11,53.5891,AM
1.2022,0.1337,2103.34,280.23,-20.2084,8.09,1.1875,1.7838,0.147,6.53,2.0271,1.90E+11,53.2258,AM
1.2033,0.1083,1857.5,515.29,-18.75,2.7063,0.5623,1.5775,0.013,2.75,1.299,1.40E+11,17.3205,IM
1.2073,0.0636,1852.33,233.82,-42.6667,2.5142,0.6365,1.81,0.1273,4.3333,0.4714,1.20E+11,28.2843,IM
1.2096,0.107,1699.8,656.91,-28.9532,9.0459,1.1734,1.9415,0.1485,8.23,2.4814,1.66E+11,71.5625,AM
1.211666667,0.034236807,1769.666667,58.45416058,-31.11111111,1.833239803,0.636514168,1.853333333,0.032998316,6.666666667,1.885618083,1.47E+11,32.99831646,IM
1.2157,0.1038,1448.75,230.92,-6.5556,3.2241,0.8676,1.5733,0.018,3,1.8257,1.19E+11,19.7203,IM
1.223,0.0809,2090,569.93,-31.1111,1.8332,0.6365,1.9867,0.1226,4.6667,0.9428,1.43E+11,61.2826,IM
1.225,0.0339,2056.75,213.48,-27.75,4.0054,0.5623,1.72,0.1039,5.5,0.866,1.45E+11,25.9808,IM
1.2338,0.1061,1859.07,141.48,-10.8556,5.6571,0.4223,1.8176,0.1224,7.5,1.4318,1.74E+11,42.7243,SS
1.2393,0.127,1687,179.61,-26.6667,1.5713,0.6365,1.56,0.0141,2.6667,0.9428,1.23E+11,9.4281,IM
1.245,0.0032,1995.5,184.5,-1,0,0.6931,1.745,0.085,7,1,1.65E+11,5,IM
1.246,0.0033,1769,33.89,-1.3333,0.5092,1.0986,1.8733,0.033,9,0.8165,1.77E+11,4.714,SS
1.2468,0.003,1871.75,180.37,-3.75,1.637,1.3863,1.82,0.0967,8.25,1.479,1.73E+11,8.2916,SS
1.2472,0.0028,1933.4,203.05,-4.32,1.6933,1.3322,1.788,0.1076,7.8,1.6,1.70E+11,8.9443,SS
1.248,0.0428,1436.79,140.61,-13.8624,2.1942,0.5511,1.9,0,9.32,2.9896,1.30E+11,17.0833,IM
1.2495,0.1018,1854.67,129.08,-10.7276,5.5826,0.4186,1.8034,0.1362,7.52,1.3746,1.69E+11,39.8434,SS
1.2496,0.0147,1896.73,238.13,-3.9024,1.6945,1.4671,1.8283,0.109,8.1951,1.5015,1.74E+11,12.0726,SS
1.2502,0.0084,1814.64,234.54,0.4938,3.5345,1.5811,1.8289,0.0946,8.5556,1.6405,1.69E+11,12.862,SS
1.253,0.0103,1768.95,261.33,3.2,4.0517,1.6094,1.836,0.0922,8.8,1.7205,1.66E+11,14.9666,SS
1.254,0.0114,1666.19,180.47,5,3.3166,1.3863,1.88,0.0308,9.5,1.118,1.68E+11,16.3936,SS
1.2549,0.0238,1943.21,313.61,-4.1536,1.7881,1.5426,1.8437,0.1273,8.093,1.5373,1.77E+11,16.6892,SS
1.2562,0.0845,1870.39,189.87,-7.6132,4.7266,0.3502,1.7971,0.1395,7.62,1.2147,1.69E+11,26.4681,SS
1.2576,0.0348,1816.56,281.71,-6.7543,3.6817,1.5285,1.8076,0.106,7.9412,1.8934,1.67E+11,24.0886,SS
1.2584,0.0259,1786.78,161.75,-3.5062,1.7924,1.523,1.8144,0.118,8.4444,1.2571,1.69E+11,18.5259,SS
1.2589,0.0294,1729.13,302.08,0.1183,5.0513,1.444,1.8331,0.104,8.7692,2.0996,1.63E+11,22.6923,SS
1.2593,0.0374,1754.68,284.92,-2.5778,4.4461,1.5227,1.8147,0.0914,8,1.8619,1.63E+11,25.3179,SS
1.2597,0.0376,1806.29,295.64,-7.2688,3.9105,1.5426,1.8053,0.1075,7.8837,1.9554,1.66E+11,25.8518,SS
1.2606,0.0384,1750.66,294.51,-2.8367,4.6036,1.5741,1.8136,0.0945,8,1.9272,1.63E+11,26.1362,SS
1.2607,0.0325,1747.74,307.07,-0.71,4.9407,1.7219,1.8215,0.1032,8.4,2.0591,1.63E+11,24.1859,SS
1.2626,0.0412,1791.33,314.23,-7.9935,4.2051,1.56,1.802,0.1096,7.8,2.0396,1.64E+11,28.1537,SS
1.2631,0.0342,1721.66,318.91,0.1566,5.188,1.7359,1.8232,0.1037,8.4717,2.1422,1.61E+11,25.3744,SS
1.2632,0.134,1781.76,218.07,-6.0069,6.0755,0.5783,1.7612,0.2321,7.1176,1.9061,1.63E+11,59.2374,IM
1.2632,0.0635,1659.44,368.73,-22.5799,11.8234,1.9251,1.8062,0.1176,7,2.7175,1.44E+11,39.4032,AM
1.2637,0.036,2074.41,402.19,-1.3698,0.3564,0.9251,1.8517,0.1558,7.2414,0.9704,1.78E+11,23.9351,IM
1.2638,0.0408,1740.6,316.99,-3.5278,4.9752,1.6762,1.8108,0.1019,8,2.0817,1.61E+11,28.0397,SS
1.2643,0.0613,1637.89,363.71,-18.8571,11.622,1.9459,1.8129,0.1158,7.2857,2.814,1.44E+11,37.9839,SS
1.2653,0.0386,1699.66,332.34,-1.701,5.6097,1.4976,1.8248,0.1104,8.5556,2.3307,1.59E+11,27.6218,SS
1.2662,0.1529,1530.35,580.06,-4.16,6.5336,0.8018,1.897,0.07,7.9,3.2078,1.65E+11,77.6356,IM
1.2664,0.022,1769.55,262.28,-2.24,5.6832,1.6094,1.83,0.1037,8.6,2.0591,1.66E+11,14.9666,SS
1.2673,0.046,1767.5,340.4,-9.0864,4.6003,1.5811,1.7967,0.1125,7.6667,2.1602,1.62E+11,31.3184,SS
1.2674,0.0327,1801.2,214.33,-4.16,2.1976,1.6094,1.766,0.1384,8,1.4142,1.62E+11,22.2711,SS
1.2684,0.042,1685.73,344.85,-2.5124,5.8185,1.5157,1.8209,0.1131,8.4545,2.4258,1.58E+11,29.5476,SS
1.2684,0.0437,1726.52,345.53,-4.6,5.4374,1.7481,1.807,0.1112,8,2.2804,1.60E+11,30.421,SS
1.2685,0.013,1321.18,63.38,-8.625,1.2449,0.5623,1.9275,0.0476,9.25,3.0311,1.05E+11,60.6218,IM
1.269166667,0.029966526,1727.295,256.1058605,1.444444444,3.868464886,1.791759469,1.788333333,0.135820552,8.5,1.707825128,1.58E+11,21.9215774,SS
1.269272727,0.041692079,1693.000909,346.0859229,-1.520661157,5.643485011,1.767761472,1.815454545,0.109325505,8.272727273,2.339032787,1.58E+11,29.54755237,SS
1.2709,0.0415,1710.19,351.71,-2.4992,5.8138,1.8577,1.8089,0.1127,8.1579,2.3752,1.58E+11,29.0273,SS
1.2713,0.0449,1672.3,355.98,-3.2653,5.9942,1.5299,1.8171,0.1155,8.3571,2.5102,1.56E+11,31.2229,SS
1.2724,0.0404,1863.01,162.27,-5.6,3.0633,1.6094,1.896,0.1749,8.6,1.4967,1.74E+11,8,SS
1.2728,0.03197742,1719.154,279.8403096,2.72,4.235582605,1.609437912,1.77,0.141844986,8.4,1.854723699,1.54E+11,21.54065923,SS
1.2732,0.0475,1689.92,336.34,-7.0313,5.4517,1.5747,1.8175,0.1082,8,2.2638,1.61E+11,33.8221,SS
1.2732,0.031789341,1636.754,171.8203075,1.76,3.595864291,1.609437912,1.814,0.134848063,9,1.414213562,1.58E+11,24,SS
1.2738,0.0315,1727.15,280.55,4.16,3.8405,1.6094,1.764,0.1363,8.2,1.7205,1.54E+11,21.5407,SS
1.274,0.0345,1798.75,239.56,-5.5,2.4686,1.3863,1.75,0.1505,8,1.5811,1.60E+11,24.4949,SS
1.2747,0.0488,1684.71,346.75,-7.2533,5.5991,1.6217,1.8133,0.1105,7.9333,2.3228,1.59E+11,34.5521,SS
1.2753,0.0506,1670.19,356.41,-8.449,5.9978,1.6682,1.815,0.1175,8.0714,2.5203,1.58E+11,35.3109,SS
1.2754,0.0358,1994.55,521.01,4.64,5.4523,1.6094,1.892,0.1612,8.2,2.0396,1.76E+11,30.0666,SS
1.276,0.0493,1701.7,343.01,-4.149,6.7937,1.8577,1.8058,0.1188,8.1228,2.4284,1.56E+11,30.3289,SS
1.2768,0.0496,1646.82,374.87,-4.6136,6.2705,1.5496,1.81,0.1196,8.1724,2.6532,1.54E+11,34.0036,SS
1.2777,0.0492,1653.71,376.66,-3.6147,6.1025,1.7886,1.8048,0.1158,8,2.5596,1.54E+11,34.0036,SS
1.278,0.0518,1735.29,414.46,-7.1953,5.641,1.7118,1.7692,0.12,7.3077,2.4615,1.53E+11,34.7699,SS
1.2783,0.0517,1671.9,370.81,-7.6686,5.9054,1.7118,1.8031,0.1153,7.7692,2.4543,1.56E+11,36.0926,SS
1.2795,0.0515,1634.73,382.92,-5.2169,6.3796,1.5561,1.8066,0.1214,8.0847,2.714,1.52E+11,35.1702,SS
1.2798,0.0537,1667.48,386.02,-7.1389,5.9164,1.7482,1.7925,0.1156,7.5833,2.4986,1.54E+11,36.4063,SS
1.28,0.0357,1691.82,246.83,-0.4898,3.9036,1.5498,1.7586,0.1548,8.4286,1.7613,1.53E+11,24.3277,SS
1.2804,0.0534,1698.23,410.17,-7.5556,5.9007,1.7482,1.7783,0.1205,7.4167,2.5317,1.53E+11,36.1325,SS
1.2806,0.0533,1663.89,384.87,-7.8333,6.052,1.7482,1.7967,0.1178,7.6667,2.5276,1.54E+11,36.8857,SS
1.2808,0.0344,1801.8,215.39,-8.96,4.3049,1.6094,1.76,0.1434,7.8,1.7205,1.62E+11,22.2711,SS
1.282,0.053170061,1623.04,390.17978,-5.777777778,6.473169273,1.560710409,1.803333333,0.122972445,8,2.768874621,1.51E+11,36.21693895,SS
1.2821,0.047,1758.03,321.27,-5.5057,3.7555,1.4818,1.7193,0.1297,7.186,1.6461,1.51E+11,29.2979,SS
1.282338983,0.054909985,1709.814407,339.9148922,-6.42344154,7.597097364,1.895815043,1.796779661,0.126242176,7.983050847,2.500789878,1.55E+11,30.95770947,SS
1.2824,0.0333,1875.6,263.7,-9.12,4.3592,1.6094,1.726,0.1429,7.4,1.8547,1.60E+11,21.9089,SS
1.2833,0.0551,1654.43,400.64,-7.9339,6.1785,1.7678,1.7891,0.1202,7.5455,2.6064,1.52E+11,37.6684,AM
1.2842,0.0402,2188.8,488.46,-4.6,1.1531,1.0297,1.92,0.1778,7.5,1.5,1.91E+11,26.6271,IM
1.2843,0.0792,2442.63,585.3,-32.8125,1.059,0.6616,2.0625,0.1259,5.25,0.9682,1.81E+11,62.936,IM
1.2853,0.0432,1806.62,325.11,-10.4297,5.1258,1.9136,1.735,0.1357,7.2188,1.9801,1.56E+11,28.6012,IM
1.286,0.0597,1746.02,335.17,-10.843,7.9799,1.8938,1.7827,0.1309,7.6364,2.4596,1.55E+11,32.3207,SS
1.2865,0.0571,1643.07,418.51,-7.92,6.2638,1.7481,1.78,0.1224,7.4,2.6907,1.49E+11,38.4,SS
1.2866,0.054,1613.23,405.7,-5.5537,6.4898,1.7678,1.7955,0.124,7.8182,2.7902,1.49E+11,37.3511,SS
1.2866,0.0592,1704.99,430.64,-13.318,5.9087,1.6744,1.7745,0.1219,7.1569,2.4763,1.54E+11,38.9884,SS
1.2867,0.057,1601.87,382.34,-8.32,6.4661,1.7481,1.802,0.1186,7.7,2.6851,1.51E+11,39.4178,SS
1.287,0.0568,1647.07,419.49,-7.28,6.0935,1.7481,1.777,0.1195,7.3,2.6096,1.49E+11,38.4,SS
1.2882,0.0592,1717.39,336.82,-8.3956,8.1944,1.9153,1.7884,0.1323,7.8525,2.5597,1.53E+11,31.4638,SS
1.2887,0.0602,1659.41,423.46,-13.1004,5.6641,1.6073,1.7725,0.1223,7.0619,2.5531,1.51E+11,41.0327,SS
1.2892,0.0563,1602.05,424.32,-4,6.4777,1.6094,1.782,0.1242,7.6,2.8705,1.45E+11,37.0427,SS
1.2896,0.0561,1519.65,334.6,-5.28,6.7031,1.6094,1.826,0.1115,8.2,2.7857,1.49E+11,39.4279,SS
1.2899,0.0569,1596.55,410.51,-6.2383,6.531,1.7864,1.7894,0.1229,7.6032,2.8033,1.47E+11,38.7854,SS
1.29,0.0247,2017,203.31,-13.44,0.2743,0.673,1.73,0.1225,6.6,1.9596,1.68E+11,9.798,IM
1.2904,0.0592,1629.19,438.96,-7.7037,6.2771,1.5811,1.7689,0.1241,7.2222,2.78,1.46E+11,39.0036,SS
1.2905,0.0508,1626.67,364.22,-3.3056,5.9779,1.7723,1.7544,0.1388,7.6825,2.4354,1.45E+11,32.9633,SS
1.2906,0.0808,1721.21,356.73,-35.0204,14.6012,1.9459,1.7614,0.1426,6.2857,2.5475,1.39E+11,39.8098,SS
1.291,0.0174,1244.27,196.58,5.25,0.7578,0.5623,1.9375,0.065,9.5,2.5981,1.16E+11,42.4352,IM
1.2912,0.0552,1593.45,420.41,-6.56,6.6315,1.6094,1.792,0.1295,7.8,2.9257,1.47E+11,38.5663,SS
1.2914,0.0478,2564.6,922.97,0,0,0.673,2.042,0.2596,7.2,0.9798,2.26E+11,68.5857,IM
1.2923,0.062,1823.93,612.12,-20.3125,2.7147,0.7356,1.8213,0.1562,8.5,2.6458,1.70E+11,35.9409,IM
1.2927,0.0581,1619.63,435.35,-10.1728,6.6243,1.5811,1.78,0.1311,7.4444,2.8717,1.48E+11,40.5737,SS
1.293,0.0484,1761.1,365.52,-10.15,5.1617,1.9037,1.7135,0.1332,6.95,1.9615,1.50E+11,32.2892,IM
1.2934,0.1263,1757.33,133.37,-2.6612,3.193,0.6889,1.7809,0.1951,7.8182,1.6689,1.59E+11,38.5293,IM
1.2934,0.0496,1590.7,366.61,-1.7435,6.1127,1.7723,1.76,0.143,7.9206,2.5961,1.43E+11,32.1719,SS
1.2935,0.0593,1570,417.48,-8.0473,6.7718,1.565,1.7885,0.1289,7.6154,2.9752,1.45E+11,40.127,SS
1.2943,0.0589,1576.15,420.06,-7.0533,6.6282,1.7782,1.7838,0.1249,7.4615,2.872,1.45E+11,40.127,SS
1.2953,0.0189,1206.44,214.01,6.2222,0.3666,0.6365,1.95,0.0707,9,2.8284,1.07E+11,46.1976,IM
1.2957,0.0611,1594.35,432.26,-10.1389,6.4961,1.7482,1.7742,0.1253,7.1667,2.7938,1.46E+11,41.7359,SS
1.2957,0.0442,2299.92,531.65,-6.72,1.8528,1.0395,1.97,0.1841,7.6,1.9596,1.97E+11,28.6224,IM
1.2967,0.2632,1729.17,355.94,-16.2222,4.1351,0.8676,1.78,0.352,7.5,3.5473,1.76E+11,87.6364,IM
1.2991,0.0505,1603.5,361.03,-4.2328,6.0344,1.7723,1.7322,0.1471,7.6032,2.44,1.41E+11,32.7678,SS
1.2992,0.0483,2680.54,939.21,0,0,0.6902,2.0746,0.2642,7.0769,0.997,2.35E+11,69.7926,IM
1.2993,0.0539,1588.21,388.58,-5.1111,6.3588,1.7918,1.7433,0.1426,7.5,2.63,1.41E+11,35.0951,SS
1.2999,0.0611,1800.1,577.58,-11.8519,4.9666,1.5811,1.7978,0.1722,6.6667,2.4495,1.56E+11,46.9652,SS
1.3004,0.0613,1547.8,431.37,-8.0796,6.7192,1.7613,1.7762,0.1273,7.2647,2.9537,1.42E+11,41.7284,SS
1.3013,0.0437,2411.25,691.04,-1.5,1.311,1.3863,1.9525,0.1452,8,0.7071,2.35E+11,80.1561,SS
1.30175,0.058520188,1446.81,336.7777121,-8,6.937218463,1.386294361,1.825,0.124599358,8.25,3.112474899,1.44E+11,42.52058325,SS
1.303428571,0.062974937,1524.53,434.415668,-9.632653061,6.883381307,1.549826046,1.775714286,0.132434042,7.285714286,3.103651569,1.40E+11,42.58005665,IM
1.3041,0.0626,1530.24,437.31,-8.6531,6.7508,1.7479,1.7714,0.1284,7.1429,2.9966,1.40E+11,42.5801,SS
1.3062,0.0646,1543.51,451.09,-11.5976,6.5843,1.7118,1.7615,0.1281,6.8462,2.9048,1.40E+11,44.1873,SS
1.3081,0.0603,1615.32,427.39,-11.287,5.2597,1.5563,1.7004,0.125,6.4615,2.1791,1.38E+11,38.8251,SS
1.3085,0.0668,1558.99,466.18,-15.4444,5.8899,1.5607,1.75,0.1266,6.5,2.7538,1.40E+11,45.9915,SS
1.3094,0.0634,1737.78,392.55,-13.9375,8.7607,2.0794,1.745,0.1403,7,2.7386,1.47E+11,34.4674,SS
1.3094,0.064,1505.72,444.31,-9.3751,6.7637,1.7255,1.7648,0.1298,6.9726,3.0474,1.38E+11,43.6051,SS
1.3105,0.0694,2593.75,523.51,-26.25,3.7889,0.5623,2.095,0.1126,5.5,0.866,1.98E+11,56.2917,IM
1.3108,0.0699,1698.52,382.77,-17.1834,9.3388,1.9251,1.7508,0.1425,7,2.7175,1.46E+11,37.8186,AM
1.3113,0.0556,1630.29,409.18,-15.96,6.5994,1.8867,1.714,0.1426,6.8,2.4413,1.42E+11,39.2983,SS
1.311666667,0.089262097,1379.823333,322.9855246,-36.88888889,8.855725171,1.098612289,1.686666667,0.152825245,4.666666667,1.699673171,9.87E+10,17.98765008,IM
1.311727273,0.052998247,1680.54,421.2518006,-16.26446281,6.612621834,1.893788232,1.706363636,0.138056163,6.636363636,2.3845231,1.44E+11,37.81730768,SS
1.3127,0.0648,1490.46,447.94,-9.7778,6.7537,1.7095,1.7607,0.1305,6.8667,3.0739,1.36E+11,44.1513,SS
1.3127,0.0724,1818.11,234.14,-14.0408,9.4813,1.7479,1.7514,0.1548,7.4286,2.6108,1.50E+11,28.2843,IM
1.3139,0.0603,1713.47,376.43,-12.7407,8.2354,2.1972,1.7233,0.1458,7,2.582,1.44E+11,33.5857,SS
1.3147,0.1179,1347.29,255.27,-16.6849,5.1405,0.9972,1.7779,0.239,7.4483,3.9964,1.11E+11,37.341,IM
1.3153,0.0609,1866.47,519.1,-11.2099,8.3174,2.1972,1.7911,0.1857,6.8889,2.601,1.56E+11,41.6701,SS
1.3173,0.0657,1469.04,452.11,-10.2827,6.7168,1.6845,1.7549,0.1312,6.7179,3.1046,1.34E+11,44.8051,SS
1.3176,0.1136,1336.66,242.98,-14.72,4.8755,0.9503,1.782,0.236,7.8,3.9699,1.13E+11,37.3631,IM
1.318,0.068416796,1510.873077,477.9042626,-16.09467456,5.773695577,1.519382665,1.739230769,0.127246674,6.230769231,2.805320389,1.35E+11,47.3961025,SS
1.318,0.0701,1658.54,407.42,-13.6667,9.2386,1.7918,1.7417,0.1448,7,2.9439,1.39E+11,36.2706,SS
1.319,0.0538,1352.66,8.85,-6.75,0.9743,0.5623,2.06,0.2771,11,0,1.60E+11,34.641,IM
1.3195,0.0729,1792.79,61.08,-41.25,5.9539,0.5623,2.125,0.1299,8.5,2.5981,1.60E+11,34.641,AM
1.3201,0.0661,1455.65,454.19,-10.5625,6.6802,1.6675,1.7513,0.1315,6.625,3.12,1.32E+11,45.1491,SS
1.323,0.054421769,1230.34,537.66,-5,0,0.693147181,1.765,0.115,10.5,1.5,1.25E+11,55,IM
1.3234,0.1061,1840.95,298.15,-14.4,11.9392,1.6094,1.726,0.2173,7.8,2.5612,1.44E+11,38.9801,SS
1.3257,0.062715627,1635.471,426.9517463,-15.44,8.589318017,2.163955657,1.712,0.14239382,6.6,2.727636339,1.37E+11,37.83331865,SS
1.3263,0.0853,1422.52,159.5,-21.8773,7.5905,1.3446,2.1427,0.3037,9.545,2.8099,1.59E+11,49.3096,AM
1.328666667,0.071637003,1675.59,240.9694508,-17.77777778,9.706389224,1.098612289,1.783333333,0.172111075,8.333333333,3.091206165,1.43E+11,28.67441756,IM
1.32875,0.083485233,1095.1575,375.1411477,-16.875,6.375995633,1.039720771,1.6975,0.416675833,6.75,4.380353867,7.28E+10,67.36235967,IM
1.3293,0.091866716,1229.8665,304.4712303,3.57,1.224754975,0.422709088,1.909,0.021424285,9.95,2.49949995,1.28E+11,29.27985656,IM
1.3314,0.063,1775.85,118.02,-32.1604,9.2351,0.6713,2.131,0.1262,9.04,2.2931,1.64E+11,30.4631,AM
1.3316,0.0819,2003.25,412.56,-31.64,7.6628,1.0627,1.762,0.1909,7.8,2.7129,1.64E+11,27.2764,AM
1.3318,0.08678293,1927.494,639.9791623,-34.08,14.82886914,1.609437912,1.774,0.227824494,4.6,1.2,1.35E+11,54.73719028,IM
1.33255,0.062310989,1776.55995,117.903619,-31.4889,9.297977809,0.663644754,2.1325,0.125274698,9.07,2.266075903,1.64E+11,30.14365605,AM
1.3333,0.083,1962.8,375.34,-32.28,7.7289,1.0627,1.759,0.1939,7.75,2.7726,1.61E+11,29.6479,AM
1.3344,0.084532374,1172.166,371.208,6.4,1.44,0.500402424,1.876,0.048,9.4,3.2,1.19E+11,42.668,IM
1.334461538,0.027307585,1620.692308,238.4896013,1.041420118,0.345856783,0.429323022,1.566923077,0.039688133,6.846153846,0.360801212,1.26E+11,14.43204849,IM
1.3345,0.0476,1292,217.21,-3.25,4.7652,1.0397,1.74,0.1614,8,3.3166,1.19E+11,26.1343,IM
1.3349,0.084158165,1922.35,329.0637134,-32.96,7.386904088,1.033114088,1.756,0.196784146,7.7,2.83019434,1.58E+11,31.55946768,AM
1.33504,0.063885438,1802.661,54.18964042,-32.472,8.654974969,0.471393487,2.146,0.115256236,8.92,2.305124725,1.66E+11,30.73499634,AM
1.3363,0.0958,1693.57,471.08,-33.4592,5.0259,0.9007,1.7524,0.2296,7.64,3.1608,1.48E+11,43.8543,IM
1.33679,0.086708413,1408.0716,141.7564671,-21.4864,6.431312728,1.187861003,2.1959,0.317654199,9.6,2.8,1.67E+11,51.24217013,AM
1.3374,0.088571907,2031.5,426.4385653,-32.4,8.203072595,1.088899975,1.75,0.21099763,7.8,2.712931993,1.64E+11,27.27636339,AM
1.3375,0.068411215,2239,511,-30,0,0.693147181,1.755,0.155,7.5,2.5,1.75E+11,5,AM
1.3379,0.0789,2018.14,416.61,-32.0864,8.1716,1.0788,1.7522,0.1828,7.5556,2.7532,1.62E+11,28.1968,AM
1.339,0.069454817,1330.735,397.265,-22,0,0.693147181,1.76,0.15,6.5,3.5,1.28E+11,52,IM
1.3391,0.0896,1991.05,393.46,-33.06,8.4042,1.1059,1.747,0.2135,7.75,2.7726,1.61E+11,29.6479,AM
1.3393,0.0648,1552.18,274.94,-8,0.4714,0.6365,1.78,0.1697,8.6667,3.2998,1.30E+11,14.1421,IM
1.3395,0.1209,1422.27,529.54,-3,0.433,0.5623,1.9225,0.0217,8.5,2.5981,1.50E+11,52.8275,IM
1.3407,0.1125,1478.16,415.37,-26.6667,9.0267,1.0986,1.5733,0.0287,3,0.8165,1.05E+11,22.291,IM
1.3413,0.1687,1708.59,480.1,-48.8163,33.9872,1.1033,1.745,0.4056,5.7143,2.0152,1.23E+11,51.1447,IM
1.3415,0.0675,1350.74,417.27,-19,0,0.6931,1.745,0.135,6,3,1.28E+11,52,IM
1.3424,0.0824,2013.9,408.04,-32.74,8.7314,1.1224,1.7435,0.1936,7.5,2.7839,1.61E+11,29.4066,AM
1.3426,0.0919,1605.08,472.02,-11.4916,2.2644,0.521,1.7708,0.2467,9.4923,2.8776,1.34E+11,12.3327,IM
1.3432,0.0945,2059.75,438.06,-33.16,8.3886,1.0627,1.738,0.2287,7.8,2.7129,1.64E+11,27.2764,AM
1.3434,0.12527682,1742.954,271.8621497,-30.24,13.75624367,1.609437912,1.65,0.224053565,6.2,3.6,1.26E+11,35.85309533,AM
1.344,0.077,1624.12,402.26,-21.5,4.5638,1.0397,1.7025,0.1299,5.75,2.2776,1.32E+11,40.333,IM
1.344,0.0863,1314.43,508.91,-19.0476,4.6201,0.9286,1.6748,0.1109,3.7619,1.1508,9.66E+10,32.1019,IM
1.344886,0.082487017,1412.28059,142.1877227,-20.634916,6.170784807,1.083554817,2.2397,0.315699081,9.822,2.592357228,1.76E+11,48.35859386,AM
1.346444444,0.056833548,1169.192222,210.8363651,-0.987654321,0.006134617,0.686961577,1.771111111,0.144102159,7.444444444,3.97523196,1.12E+11,31.80185568,IM
1.3465,0.075052471,1582.6175,384.7410284,-36,5.184110338,1.039720771,1.7425,0.169318487,6.75,3.269174208,1.37E+11,45.13036672,IM
1.348,0.0991,1523.67,316.63,-15.5475,3.0637,0.521,1.7772,0.2343,9.4923,2.8776,1.25E+11,28.4336,IM
1.34816,0.096916084,1771.214,236.6143292,-29.8816,11.90449196,1.217964591,1.7252,0.186174542,6.82,3.241542843,1.37E+11,39.17192872,AM
1.3482,0.0886,2042.15,421.36,-33.43,9.3797,1.1655,1.7315,0.2124,7.5,2.7839,1.61E+11,29.4066,AM
1.348918033,0.063157393,1227.112951,325.3895924,-9.833915614,6.259918961,1.032811151,1.754918033,0.147355074,6.704918033,3.782376139,1.17E+11,43.63292682,IM
1.3515,0.139676664,1599.75,303.2757615,-10.08333333,5.674648008,0.721463687,1.7525,0.273621545,8.083333333,3.328120925,1.46E+11,59.04159315,IM
1.3516,0.0667,1591.06,285.72,-8.64,0.1764,0.673,1.756,0.1764,8.2,3.4293,1.28E+11,14.6969,IM
1.3532,0.082227802,2024.55,403.1889724,-33.14,9.625171219,1.164821377,1.725,0.194486503,7.2,2.821347196,1.57E+11,31,AM
1.3545,0.0667,2084.2,658.76,-31.686,4.168,0.9957,1.7282,0.1513,6.7727,2.7623,1.61E+11,34.2002,IM
1.3565,0.077773682,1854.5,86.5,-28,0,0.693147181,1.71,0.17,6.5,2.5,1.45E+11,35,IM
1.356857143,0.067108307,1607.725714,288.6239979,-8.816326531,0.090894795,0.682908105,1.745714286,0.178153797,8,3.464101615,1.27E+11,14.84614978,IM
1.3569,0.1062,1161,359.26,4.9704,0.8551,0.5402,1.9138,0.0253,9.3846,2.9493,1.21E+11,34.5487,IM
1.35838,0.105634554,1845.695,158.2619892,-43.378,14.71108738,1.137782583,1.7749,0.274289974,8.02,2.821276307,1.49E+11,45.42687653,AM
1.359,0.0879,2052.8,415.94,-33.76,10.3646,1.2206,1.713,0.2121,7.2,2.8213,1.57E+11,31,AM
1.3591875,0.077075001,1221.139375,330.7893209,-27.140625,5.591037455,0.984086503,1.649375,0.122956738,4.1875,1.666536453,9.15E+10,18.75499933,IM
1.359295238,0.088739237,1695.138,312.6839823,-20.99229025,9.221529075,1.292961309,1.710190476,0.18184756,6.676190476,3.410055824,1.30E+11,28.95661623,AM
1.36,0.060294118,1347.55,10.22,-9,0,0.693147181,2.22,0.32,11,0,1.80E+11,40,IM
1.36099,0.106215111,1849.0835,159.0551043,-43.12,13.45725043,1.121656603,1.7551,0.266602682,7.84,2.88,1.47E+11,45.56611802,AM
1.3618,0.056812817,1751.294,475.1723621,-14.88,6.897721363,1.609437912,1.598,0.04621688,5,1.414213562,1.25E+11,31.93994364,IM
1.3625,0.062505012,1397.5025,358.4246911,-12.5,6.099436449,1.039720771,1.7375,0.164373812,7.25,3.766629793,1.17E+11,26.39602243,IM
1.36273,0.106578606,1851.3425,159.5416805,-42.688,12.48852104,1.100745697,1.7419,0.260517543,7.72,2.912318664,1.46E+11,45.60501922,AM
1.3639,0.035474579,1820.9975,30.7411348,-10.45,9.709447397,0.198515243,2.185,0.065383484,9.7,1.307669683,1.76E+11,17.43559577,AM
1.364333333,0.122659618,1459.666667,379.4806392,-3.555555556,0.20951312,0.636514168,1.71,0.282842712,7.333333333,3.771236166,1.35E+11,63.63961031,IM
1.36435,0.11603108,1887.7041,333.6867065,-42.1864,8.071584948,0.944157525,1.7169,0.257548811,7.76,2.877915913,1.46E+11,49.85878324,AM
1.36447,0.114571912,1885.9788,356.4442952,-42.07,8.519775241,0.985854077,1.7166,0.254386399,7.7,2.896549672,1.46E+11,49.72482554,AM
1.3645,0.114578677,1867.8135,358.2317145,-42.4148,8.322971128,0.990975569,1.7167,0.254342505,7.68,2.921917179,1.45E+11,50.14077059,AM
1.364769231,0.095366926,1072.225385,428.3169231,8.520710059,0.682749203,0.61724177,1.863076923,0.055384615,8.538461538,3.692307692,1.07E+11,49.23230769,IM
1.3655,0.090987912,1729.1464,314.3896565,-25.9576,10.7893477,1.240457997,1.7256,0.186313285,6.83,3.231269101,1.33E+11,36.6696114,AM
1.36576,0.109887013,1876.83025,422.4791601,-41.7726,9.638342766,1.097774715,1.7142,0.244375449,7.485,2.956311046,1.45E+11,49.50107743,AM
1.366,0.055790802,1115.312857,209.974045,-0.979591837,0.010099422,0.682908105,1.734285714,0.143512781,6.428571429,3.958973274,1.03E+11,31.6717862,IM
1.36633,0.114185823,1878.0335,368.5275633,-42.4704,8.718633256,1.011860276,1.7136,0.253856337,7.63,2.924568344,1.45E+11,50.08005466,AM
1.36731,0.117564223,1638.4458,340.7397714,-20.8872,7.458442787,1.133234126,1.6807,0.249368222,7.58,3.747479153,1.18E+11,29.69927398,AM
1.367333333,0.03861334,1048.296667,204.37743,-3.555555556,0.20951312,0.636514168,2.213333333,0.230988215,7,2.828427125,1.01E+11,83.9100047,IM
1.36807,0.115247253,1871.8135,358.8808343,-43.0104,8.479275566,0.99886058,1.7109,0.256472591,7.62,2.935234233,1.44E+11,50.54545809,AM
1.3683,0.0658,1225.98,413.67,-9.7778,0.5762,0.6365,1.6833,0.1037,4.6667,2.357,1.07E+11,44.312,IM
1.369166667,0.148889736,1309.975,106.872869,-11.66666667,3.478327965,0.450561209,1.77,0.290688837,9.666666667,2.98142397,1.20E+11,43.97600356,IM
1.36924,0.112094334,1864.39025,405.3974639,-42.8506,9.407681795,1.079420803,1.7088,0.249763008,7.465,2.976369433,1.43E+11,50.43352335,AM
1.37066,0.087681274,1667.8719,305.6079358,-16.8852,8.332451119,1.211629515,1.7193,0.214155341,7.77,3.420102338,1.25E+11,27.40270034,AM
1.372,0.096892183,1048.43,437.4728234,8.888888889,0.523782801,0.636514168,1.86,0.056568542,8.333333333,3.771236166,1.04E+11,50.28472023,IM
1.37201,0.09479659,1702.8449,329.9886573,-21.198,9.756478121,1.431601604,1.6897,0.195153555,6.51,3.410263919,1.26E+11,29.89304355,AM
1.37272,0.114180352,1851.95025,387.1641249,-43.9414,9.015860877,1.055045141,1.7034,0.25492242,7.445,2.996160042,1.41E+11,51.27237723,AM
1.37375,0.086264529,1670.4119,306.8095331,-15.4404,7.281925809,1.166514431,1.7157,0.214113311,7.77,3.420102338,1.25E+11,27.32836718,AM
1.37546,0.07656994,1679.3388,330.2197274,-16.5552,7.826990087,1.100957296,1.7233,0.183575897,7.14,3.349686553,1.29E+11,27.57514098,AM
1.3762,0.116152692,1839.51025,367.6078185,-45.045,8.423596153,1.023445004,1.698,0.259867274,7.425,3.015688147,1.39E+11,52.02216675,AM
1.3776,0.059023492,1997.494,594.8655042,-14.56,6.814736972,1.609437912,1.608,0.039698866,4.6,1.019803903,1.35E+11,36.2789195,IM
1.377886792,0.086004211,1703.736604,326.9562137,-24.8508366,10.91405203,1.366788232,1.687169811,0.185603324,6.386792453,3.306856099,1.24E+11,33.60189122,AM
1.378333333,0.055165568,1330.483333,509.9896255,-10.22222222,4.086009453,1.098612289,1.696666667,0.150628314,9,3.559026084,1.07E+11,28.67441756,IM
1.37968,0.118018115,1827.07025,346.504617,-46.1614,7.564065035,0.982282257,1.6926,0.264609599,7.405,3.034958814,1.37E+11,52.6866945,AM
1.380285714,0.059239521,1171.907143,377.0022251,-15.51020408,1.576529096,0.598269589,1.687142857,0.121973567,4.714285714,2.710523709,1.06E+11,46.98241095,IM
1.380666667,0.05258061,1074.903333,200.0169382,-0.888888889,0.05237828,0.636514168,1.706666667,0.136707311,5.666666667,3.771236166,9.73E+10,30.16988933,IM
1.3807,0.08076088,1680.7965,359.8618612,-19.61,8.772941482,1.164821377,1.725,0.185404962,6.95,3.278337994,1.29E+11,31.35267134,AM
1.3807,0.099427646,1654.4158,334.6187713,-18.0096,7.428526763,1.143316977,1.7104,0.242618713,8.14,3.388273897,1.22E+11,31.28320902,AM
1.381,0.036929761,918.625,14.845,2,0,0.693147181,1.83,0.22,4,1,59000000000,17,IM
1.381,0.031480181,2962.8,510.100147,-4.64,2.219693673,1.609437912,1.85,0.343394817,5.4,0.489897949,2.14E+11,53.88877434,SS
1.3831,0.054240906,1101.783,278.0662945,-5.4,4.272797678,0.801818553,1.695,0.129942295,5.2,3.4,9.92E+10,36.91287038,IM
1.3849,0.120628776,1808.41025,311.2555795,-47.86,5.430658731,0.879904293,1.6845,0.27136645,7.375,3.063392727,1.34E+11,53.53045538,AM
1.385666667,0.109884768,1212.846667,204.9525435,-2.666666667,0.15713484,0.636514168,1.703333333,0.278128667,8,4.242640687,1.08E+11,44.78342948,IM
1.3869,0.02941415,1255.5115,291.297497,-18.81,0.094523807,0.688138814,1.577,0.029849623,5.2,1.989974874,1.00E+11,21.88972362,IM
1.387384615,0.040676892,1414.058462,607.9016623,-15.14792899,0.41453617,0.666278442,1.617692308,0.009730085,3.769230769,0.973008511,1.08E+11,40.86635745,IM
1.3874,0.15770506,1300.416,114.708,-13.44,3.024,0.500402424,1.744,0.312,9.4,3.2,1.16E+11,47.2,IM
1.388833333,0.112927833,1143.193333,326.5594162,0.777777778,2.922876986,0.867563228,1.811666667,0.225419362,8.333333333,3.815174381,1.11E+11,41.88774682,IM
1.389,0.094090991,869.1375,418.658151,-22.625,8.012014903,1.039720771,1.4675,0.489048822,4.25,4.08503366,4.05E+10,57.62161053,IM
1.389411765,0.055258661,1129.83,353.9930242,-13.67474048,2.25888191,0.545594574,1.673529412,0.114529276,4.411764706,2.545095018,1.00E+11,44.11498031,IM
1.389571429,0.110750648,943.1442857,510.6755084,6.530612245,11.58595594,1.078992208,1.422857143,0.398881088,2.428571429,1.293626448,5.50E+10,39.16995933,IM
1.391,0.029475198,1226.235,292.765,-19,0,0.693147181,1.58,0.03,5,2,9.80E+10,22,IM
1.3914,0.103280651,1684.962,421.2542965,-17.28,4.79315512,1.088899975,1.69,0.264272587,8.2,3.42928564,1.20E+11,27.26617766,AM
1.39175,0.063152898,1404.735,473.5010034,-24.75,5.552659836,1.039720771,1.6475,0.109173028,4.5,2.061552813,1.08E+11,38.39270764,IM
1.3922,0.1041,1766.87,344.84,-45.3014,11.7672,1.2689,1.669,0.2373,6.6139,3.1117,1.29E+11,48.583,AM
1.392846154,0.081527091,1111.370769,211.0329994,-2.017751479,0.498221076,1.015832175,1.686538462,0.208731375,6.230769231,4.097914031,9.83E+10,37.1905377,IM
1.39325,0.110918364,2300.57,573.2209741,-48.6432,24.36215874,1.593331876,1.6047,0.195076677,4.38,0.485386444,1.28E+11,45.14828885,AM
1.3939,0.105535828,1647.162,358.1120907,-18.72,4.413521043,0.897945725,1.693,0.259963459,8.2,3.42928564,1.16E+11,31.00235206,AM
1.394,0.019275508,2617.156667,1190.546259,-8,0.471404521,0.636514168,1.803333333,0.136707311,5.666666667,1.885618083,2.72E+11,138.5929291,IM
1.394333333,0.186561732,1317.308333,90.47503715,-7.222222222,2.153250645,0.450561209,1.75,0.335410197,9.5,3.354101966,1.20E+11,45.83939354,IM
1.3944,0.033025249,1602.882,819.8589138,-20.16,0.411514277,0.673011667,1.846,0.28903979,5,2.449489743,1.34E+11,70.54530459,IM
1.39705,0.105775239,1791.147,328.9590377,-45.41,11.99027832,1.258048145,1.661,0.241824316,6.6,3.088689042,1.28E+11,48.6714688,AM
1.39725,0.023104619,3157.75,367.7297751,-6.5,2.365110991,1.386294361,1.905,0.363696302,5.5,0.5,2.28E+11,52.14163404,SS
1.3975,0.024686941,1914.735,981.265,-5,0,0.693147181,1.885,0.275,4.5,1.5,1.53E+11,77,IM
1.3978,0.039497885,1865.294,612.7950242,-15.52,7.290607656,1.609437912,1.586,0.034985711,4.8,1.326649916,1.27E+11,34.28352374,IM
1.397833333,0.15912221,1605.666667,306.3966202,-16.22222222,6.615544732,0.867563228,1.695,0.30516389,7.5,3.547299442,1.34E+11,64.59274125,IM
1.39825,0.013935685,1764.4175,479.7477628,-33,4.763139721,0.562335145,2.1125,0.29011851,8.25,3.031088913,1.92E+11,66.68395609,IM
1.3985,0.086560415,2226.05875,699.0533575,-32.1875,18.28458169,2.079441542,1.65875,0.240698852,4.5,0.866025404,1.40E+11,55.20277881,AM
1.3986,0.129252355,1262.832,618.7019172,0,0,0.673011667,1.912,0.039191836,7,2.449489743,1.31E+11,59.76754972,IM
1.399090909,0.049897204,1085.202727,321.8737211,-11.30578512,2.96761719,0.474139313,1.659090909,0.104137544,4.090909091,2.314167648,9.49E+10,40.11223922,IM
1.399125,0.044375959,1110.9775,313.6906122,-14.5625,2.262942917,0.73562194,1.63625,0.094198925,4.25,2.222048604,94500000000,35.38007914,IM
1.40006,0.139805008,1837.74125,288.7779418,-35.148,13.43727923,1.466622078,1.54265,0.219468625,5.025,3.094248697,1.09E+11,36.34278451,AM
1.400342,0.139912901,1838.11525,289.0324122,-35.1966,13.42421791,1.464453824,1.54223,0.219674138,5.025,3.094248697,1.09E+11,36.38314537,AM
1.4003622,0.137644169,1833.044929,290.698348,-34.26628064,13.44128242,1.484390056,1.549125,0.221818855,5.1377,3.145749308,1.10E+11,36.18917569,AM
1.400461538,0.028485858,1158.673846,284.8628367,-17.98816568,0.492261702,0.666278442,1.586923077,0.029190255,4.538461538,1.946017022,9.29E+10,21.40618724,IM
1.40047,0.107461264,1815.0376,308.5457662,-45.3036,12.05733543,1.236794334,1.6554,0.246143942,6.62,3.068484968,1.28E+11,48.78775948,AM
1.4004833,0.142199464,1843.317225,287.4816279,-36.140275,13.33804195,1.439464421,1.535102,0.217392708,4.9125,3.038065791,1.08E+11,36.57506861,AM
1.400487487,0.135289628,1827.55471,292.7136493,-33.2217102,13.37488797,1.500050585,1.555780781,0.223476638,5.246746747,3.192313862,1.10E+11,35.85947473,AM
1.40054,0.144418198,1848.407,285.7547369,-37.068,13.19042541,1.411122292,1.5281,0.214796159,4.8,2.976575213,1.08E+11,36.74213446,AM
1.4006108,0.146607984,1853.515475,283.9380398,-37.99677,12.96712214,1.3782959,1.521077,0.211945158,4.6875,2.909440453,1.07E+11,36.89835458,AM
1.400666667,0.031636381,1491.313333,788.9096077,-18.66666667,1.099943882,0.636514168,1.806666667,0.278128667,4.666666667,2.357022604,1.24E+11,67.88225099,IM
1.4006675,0.14876022,1858.60525,282.0054612,-38.92175,12.65995692,1.340849545,1.514075,0.208811265,4.575,2.836260743,1.06E+11,37.04026754,AM
1.400714286,0.070585668,2323.428571,328.0691814,-2.530612245,1.624895669,1.475076311,1.645714286,0.232431688,4.857142857,0.638876565,1.52E+11,46.21470891,SS
1.40104,0.107382417,1772.4132,348.4802935,-42.8112,13.81818802,1.415222868,1.6578,0.247986209,6.72,3.168848371,1.25E+11,48.17613517,AM
1.4015,0.017919898,1839.7825,349.2117537,-0.75,0.108253175,0.562335145,2.1925,0.151554446,10.25,0.433012702,1.98E+11,56.29165125,IM
1.40189,0.121747782,1835.1724,262.2115692,-25.8764,11.13837134,1.394605827,1.5478,0.17550829,4.62,2.71580559,1.10E+11,26.8048231,AM
1.402285714,0.10234204,1030.534286,377.8592555,5.87755102,0.06059653,0.682908105,1.81,0.103923048,11.42857143,0.494871659,98000000000,48.49742261,IM
1.40275,0.111180044,1633.68806,386.0836289,-22.334172,3.365453925,0.7650988,1.68071,0.273636978,8.196,3.459130527,1.13E+11,33.69168196,AM
1.40288,0.106962588,1778.2455,346.3660267,-43.254,13.70253256,1.404224468,1.6542,0.247055378,6.65,3.150793551,1.25E+11,48.1778995,AM
1.403,0.035801478,1245.8525,541.0623614,-12,1.732050808,0.562335145,1.615,0.008660254,3.5,0.866025404,9.70E+10,36.37306696,IM
1.403,0.100931888,1061.516667,209.629642,-5.333333333,5.490732934,1.098612289,1.753333333,0.319409177,6,3.741657387,75666666667,45.50702022,IM
1.403243655,0.110590443,1626.544609,390.8810396,-22.59446211,3.988826902,0.794931001,1.679634518,0.272327193,8.136040609,3.482774225,1.12E+11,33.73060193,AM
1.40329,0.120055375,1849.6393,246.5119134,-28.2612,11.95009733,1.440526996,1.5549,0.183251166,4.75,2.72901081,1.12E+11,30.39838606,AM
1.403315,0.110629231,1627.13437,390.7105356,-22.589488,3.959848238,0.793650698,1.67952,0.272433789,8.137,3.481986646,1.12E+11,33.73291929,AM
1.4036,0.09258017,1980.954,461.9512144,-21.28,12.72619975,1.609437912,1.656,0.222225111,6.8,3.059411708,1.34E+11,40.03470716,AM
1.403784118,0.1084412,1778.966798,347.7558731,-43.72846432,14.14411443,1.435963506,1.652559804,0.249713613,6.653333333,3.157906148,1.24E+11,48.21048163,AM
1.403875,0.015518142,1625.92625,536.3743048,-41.25,1.331338025,0.661563238,2.02875,0.324362355,7.375,3.388860428,1.72E+11,74.55492941,IM
1.403915,0.109164109,1608.82457,400.9385353,-23.119748,5.143006936,0.852061678,1.67797,0.269049771,8.007,3.531706528,1.11E+11,33.7817893,AM
1.4047,0.0275,1128.65,276.02,-16.8889,0.9952,0.6365,1.59,0.0283,4.3333,1.8856,90666666667,20.7418,IM
1.4049,0.099859939,940.161,461.6841207,9.9,0.049749372,0.688138814,1.846,0.059699246,7.4,3.979949748,91998500000,53.06765496,IM
1.407365385,0.044380905,1101.272115,425.4560153,-4.659763314,1.82268844,0.395067121,1.616730769,0.017065615,3.403846154,1.023936886,87307692308,28.6702328,IM
1.4075,0.015382334,828.2425,234.8011376,-3,0.433012702,0.562335145,1.72,0.121243557,11.75,0.433012702,7.75E+10,12.99038106,IM
1.4087,0.0167,647.72,487.63,-16.8889,0.9952,0.6365,2.0533,0.3441,5.6667,3.7712,1.11E+11,77.3103,IM
1.40925,0.039347075,2541,522.6963746,-0.25,0.824431622,1.386294361,1.5675,0.050682837,4.75,0.433012702,1.60E+11,32.40370349,SS
1.40975,0.0394704,1951.8675,657.2079752,-16.25,7.749495951,1.386294361,1.595,0.03354102,4.25,0.829156198,1.29E+11,38.11823711,SS
1.409882353,0.028281193,1327.241765,709.8821442,-15.11418685,2.496658954,0.545594574,1.748823529,0.250267677,4.176470588,2.120912515,1.10E+11,61.08228043,IM
1.410133333,0.025715132,1089.611333,258.9311085,-14.86222222,1.829794181,0.579915171,1.594,0.026532998,4.066666667,1.768866555,8.77E+10,19.4575321,IM
1.410588235,0.038324397,2446.439412,632.6195641,-4.816608997,4.845719771,1.52846571,1.57,0.05017616,4.647058824,0.588235294,1.55E+11,37.13325858,SS
1.410692308,0.032839485,1033.669615,208.2489345,-7.189349112,4.060946539,0.618977214,1.625384615,0.081534833,4.076923077,2.368431434,8.60E+10,20.93947321,IM
1.4118,0.0374,2362.39,705.75,-8.3951,6.2132,1.5811,1.5722,0.0496,4.5556,0.6849,1.51E+11,40.376,SS
1.4124,0.0868,1873.09,478.06,-20.32,9.7504,1.6094,1.554,0.1188,4.4,1.0198,1.15E+11,38.8485,IM
1.412933333,0.032989908,1581.250667,728.1878816,-33.92,5.456818446,1.009613758,1.753333333,0.270669951,4.533333333,2.12498366,1.21E+11,60.97343684,IM
1.4132,0.018372906,675.718,456.594686,-4.8,0.09797959,0.673011667,1.858,0.058787754,6.2,3.919183588,7.36E+10,21.55550974,IM
1.4138,0.035665443,2219.494,795.005429,-13.44,7.484426498,1.609437912,1.576,0.048414874,4.4,0.8,1.43E+11,44.37296474,SS
1.41415,0.11328335,1910.6,178.1320858,-43.47,11.98115336,1.048653789,1.633,0.26151673,6.7,2.984962311,1.28E+11,49.24800828,AM
1.414833333,0.070711992,2346.833333,348.9027642,-2.666666667,1.837537268,1.560710409,1.648333333,0.250959271,4.833333333,0.687184271,1.50E+11,49.77825056,SS
1.4156,0.0232,1050.58,234.21,-12.16,2.736,0.5004,1.598,0.024,3.8,1.6,84800000000,17.6,IM
1.4157,0.110505978,1644.647,404.9750764,-23.87,4.759660781,0.845113257,1.6575,0.274515482,7.8,3.544009029,1.09E+11,34.14176328,AM
1.4163,0.0352,1152.14,143.39,-3,0.433,0.5623,1.96,0.052,9.5,2.5981,8.55E+10,25.1147,IM
1.4167,0.0257,929.02,10.6,1.02,0.3499,0.4227,1.676,0.1571,3.3,0.7141,7.09E+10,12.1404,IM
1.417,0.015,1302.78,522.28,-39.1111,2.3046,0.6365,1.8333,0.3158,5.3333,3.2998,1.27E+11,72.5963,IM
1.4203,0.0389,1238.39,428.14,-20.1875,6.9078,0.9003,1.6288,0.1067,4.25,2.586,92500000000,22.9946,IM
1.420285714,0.020202993,1017.117143,204.8928184,-9.306122449,3.392150518,0.410116318,1.601428571,0.020995626,3.571428571,1.399708424,8.23E+10,15.39679267,IM
1.421515,0.111504929,1670.26725,400.9733076,-23.8076,4.005775791,0.813732865,1.6476,0.278065172,7.745,3.531285177,1.08E+11,34.28915069,AM
1.4216,0.1106,1658.51,408.09,-24.2434,4.7825,0.8501,1.6472,0.2759,7.674,3.5524,1.08E+11,34.2544,AM
1.421909091,0.041205297,1257.495152,459.4583256,-23.55922865,4.148763144,0.831831708,1.613030303,0.074690669,3.696969697,1.42456476,92787878788,28.31399437,IM
1.4219,0.1088,1635.77,421.17,-25.0561,6.0292,0.9099,1.646,0.2716,7.525,3.5902,1.07E+11,34.1679,AM
1.423166667,0.074763443,2228.078333,746.6088762,-16.11111111,8.932301396,1.791759469,1.633333333,0.257272013,4.666666667,1.105541597,1.41E+11,60.37693457,AM
1.4235,0.124692659,1325.5,402.5,-4,0,0.693147181,1.61,0.3,6,4,1.13E+11,67.5,AM
1.423818182,0.070059046,2361.727273,360.7462193,-2.710743802,1.962769907,1.594166699,1.65,0.262054817,4.818181818,0.715818898,1.49E+11,51.89886064,SS
1.4238,0.1106,1663.9,409.17,-24.3725,4.7902,0.8517,1.6433,0.2763,7.625,3.5545,1.07E+11,34.2859,AM
1.4245,0.1253,1928,200,-49,0,0.6931,1.62,0.29,7,3,1.25E+11,54.5833,AM
1.4252,0.0748,2237,271.48,-1.28,1.5002,1.3322,1.546,0.1129,4.6,0.4899,1.34E+11,37.9839,SS
1.428,0.083321563,669.6935714,82.87874685,1.591836735,1.13527562,0.257318641,1.598571429,0.185428351,11.21428571,2.832933145,65450000000,16.4052583,IM
1.4292,0.2103,1271.19,345.92,-34.88,8.8797,1.0549,1.604,0.3287,3.2,0.7483,7.38E+10,30.3605,IM
1.430625,0.026584657,1193.53625,109.5175683,-1.75,0.744117556,0.376770161,1.945,0.03968627,10.25,1.984313483,9.28E+10,19.18169701,IM
1.43175,0.016029106,1001.925,403.5764984,-3.75,0.541265877,0.562335145,1.9,0.051961524,9,3.464101615,89000000000,19.05255888,IM
1.432,0.1105,1683.16,412.42,-24.76,4.8103,0.8557,1.629,0.2774,7.45,3.5563,1.06E+11,34.3425,AM
1.4324,0.1043,1948.75,377.08,-15.84,8.4752,1.6094,1.58,0.248,6.2,2.8566,1.20E+11,33.2181,AM
1.4334,0.103363704,1932.154,384.5332169,-27.36,13.31702069,1.609437912,1.596,0.265525893,6.6,3.2,1.22E+11,36.31498007,AM
1.433944,0.070176939,1049.91426,286.5192425,-14.097564,5.58586201,0.501293639,1.61741,0.126064237,3.637,2.013263768,83679000000,31.42871233,AM
1.434399,0.069566942,1053.55426,295.2322661,-12.993552,5.52776373,0.501293639,1.61468,0.119871171,3.546,1.725654658,83679000000,31.42871233,AM
1.4344,0.102415552,1940.154,380.598648,-23.52,11.38775483,1.609437912,1.59,0.258611678,6.4,3.006659276,1.22E+11,36.31498007,AM
1.4346,0.0685,2379.6,373.68,-2.72,2.1024,1.6094,1.652,0.2748,4.8,0.7483,1.48E+11,54.3149,SS
1.4352,0.0786,2094.49,749.56,-20,10.0975,1.6094,1.528,0.1134,4.4,1.0198,1.23E+11,49.7929,AM
1.43537,0.111447554,1707.0491,402.7834702,-24.1616,3.730041616,0.806630942,1.6234,0.280568067,7.47,3.533992077,1.06E+11,34.43926421,AM
1.43575,0.079581612,1036.9275,185.2878124,-2.25,0.488140605,1.039720771,1.6075,0.208611481,4.75,3.631459762,84250000000,34.58594368,IM
1.4363,0.0919,941.82,332.2,0.8889,6.0811,1.0986,1.7433,0.3103,6,3.7417,72000000000,48.4218,IM
1.436425,0.075490316,1020.01185,250.711202,-10.4742,6.045608545,0.510177328,1.60285,0.132326783,3.45,1.430908802,8.15E+10,30.42170114,AM
1.4365,0.104163159,722.8457143,108.7640296,-5.836734694,4.162677274,0.257318641,1.603571429,0.167400595,11.28571429,2.575393768,66214285714,13.64958697,IM
1.437,0.091796511,1071.413333,202.5298507,-2.666666667,0.608580619,1.098612289,1.606666667,0.240878024,5.333333333,4.027681991,87000000000,39.55586766,IM
1.4373,0.0692,3298.67,560.5,-5.3333,0.3143,0.6365,2.0067,0.4997,5.3333,0.9428,2.43E+11,94.2809,IM
1.438,0.003933835,1073.12,373.6493653,1.777777778,0.10475656,0.636514168,2.366666667,0.245130351,9,2.828427125,1.57E+11,89.09545443,IM
1.438130435,0.056489644,1040.498261,351.6752965,-2.449905482,3.440187489,0.669893222,1.575217391,0.103666252,3.130434783,0.946588742,79260869565,26.98665917,IM
1.4395,0.112191733,1140.385,217.385,-3,0,0.693147181,1.605,0.295,6.5,4.5,92500000000,47.5,AM
1.4395,0.009,1185.35,436.27,-22.5,3.2476,0.5623,1.5925,0.0303,3.25,0.433,8.45E+10,14.7224,IM
1.44022,0.104648958,1650.6691,427.7474218,-24.6744,7.266321097,1.098110666,1.6367,0.276279044,7.43,3.57842144,1.03E+11,32.94310461,AM
1.4405,0.0756,1039.87,271.85,-14.4736,5.8112,0.5343,1.6088,0.134,3.56,1.8991,82025000000,30.3095,AM
1.4405,0.112808053,1742.885,385.115,-23,0,0.693147181,1.615,0.285,7.5,3.5,1.05E+11,34.58333333,AM
1.440666667,0.004253766,1134.443333,142.1096068,-3.555555556,0.20951312,0.636514168,1.823333333,0.150849447,8.333333333,3.771236166,92000000000,11.3137085,IM
1.4408,0.0673,2389.95,380.59,-2.7036,2.1785,1.6036,1.6532,0.2819,4.7895,0.7663,1.48E+11,55.6563,SS
1.447,0.010366275,1437.235,503.765,-30,0,0.693147181,1.575,0.035,3.5,0.5,9.30E+10,17,IM
1.447777778,0.065542048,2401.444444,387.7903532,-2.666666667,2.259562821,1.58109375,1.654444444,0.289524941,4.777777778,0.785674201,1.47E+11,57.10178504,SS
1.45148,0.118644069,1673.6271,414.412124,-24.8776,7.394921373,1.057488298,1.6063,0.28143438,7.1,3.612478374,1.02E+11,36.12964526,AM
1.4525,0.070483977,2250.5,302.0153142,-0.25,1.598338982,1.386294361,1.525,0.117153745,4.5,0.5,1.28E+11,39.93647299,SS
1.45489,0.124749139,1875.804,319.1533772,-30.6216,10.28772813,1.22439878,1.5249,0.248738799,5.68,3.202748819,1.01E+11,37.55356452,AM
1.455529412,0.063163351,2414.294118,395.291369,-2.602076125,2.347013854,1.52846571,1.655882353,0.297856239,4.764705882,0.8065476,1.46E+11,58.66555585,SS
1.457,0.034809102,2135.794,739.5268337,-15.12,9.638789966,1.504788284,1.547,0.081123363,4.2,0.748331477,1.26E+11,44.82695432,SS
1.45775,0.005049711,1764.4825,305.7372784,-1.5,0.216506351,0.562335145,1.6375,0.168874954,5.75,3.031088913,1.08E+11,4.330127019,IM
1.459714286,0.126793306,1029.188571,605.1884496,-3.918367347,0.040397686,0.682908105,1.938571429,0.024743583,6.571428571,2.969229956,1.10E+11,60.37434244,IM
1.4598,0.036580353,1254.105,249.675,-3.6,1.92,0.325082973,2.482,0.174,10.3,2.1,2.04E+11,48.6,IM
1.463666667,0.066346617,769.4533333,108.5738892,-3.555555556,0.20951312,0.636514168,1.536666667,0.160277537,8.666666667,4.714045208,61666666667,11.78511302,IM
1.464,0.037859034,807.54,218.1171582,5.25,0.757772228,0.562335145,1.6525,0.073612159,3,0,65332500000,18.47665199,IM
1.46425,0.059880115,2428.75,403.0740472,-2.5,2.443102536,1.386294361,1.6575,0.306950729,4.75,0.829156198,1.45E+11,60.36456086,SS
1.465925926,0.238544475,1368.925926,336.6965802,-40.79012346,10.43796088,1.024772774,1.535555556,0.39311042,3.037037037,0.999313894,66259259259,36.32935003,IM
1.4665,0.0806,1009.1,167.56,-2.4844,0.4878,1.0434,1.5519,0.2148,4.125,3.3331,76375000000,33.5892,IM
1.4696,0.0493,2264.97,654.18,-8.6176,8.5272,1.6572,1.5142,0.0997,4.3,0.6403,1.27E+11,47.3678,SS
1.474166667,0.044241028,1113.288333,271.9990356,-1.666666667,0.496903995,0.450561209,1.935,0.01118034,9.833333333,2.608745974,93000000000,15.65247584,IM
1.47475,0.050208627,1232.1025,517.2466628,-33,4.763139721,0.562335145,1.54,0.121243557,3.25,0.433012702,74708333333,2.237232293,IM
1.476,0.095938404,751.645,429.4218019,8.222222222,2.498696505,1.011404265,1.85,0.072801099,5.833333333,3.670452591,72998333333,48.17351742,IM
1.4793,0.053047552,2316.4882,594.4867313,-4.864,7.240567591,1.61932983,1.4988,0.106595309,4.34,0.58685603,1.26E+11,48.19255832,SS
1.479454545,0.06856518,968.2354545,123.2786823,-2.181818182,0.312960268,0.916464886,1.527272727,0.183109054,3.363636364,2.459590774,70545454545,26.30714952,IM
1.48,0.047297297,1088.96,291.94,-1.92,0.432,0.500402424,1.936,0.012,9.6,2.8,91600000000,16.8,IM
1.482168,0.100440875,1870.63158,455.3208137,-33.612016,11.42411164,1.249562163,1.53236,0.2509112,5.784,3.008212758,1.01E+11,42.89271043,AM
1.482666667,0.112870012,1191.333333,379.4806392,-3.555555556,0.20951312,0.636514168,1.51,0.282842712,4.666666667,3.771236166,9.00E+10,63.63961031,IM
1.483533333,0.0408656,772.1473333,225.2093015,-3.413333333,0.849145278,0.970115784,1.36,0.286006993,2.2,0.909212113,50200000000,29.50977239,IM
1.48386,0.048446225,2360.7682,623.4179981,-4.4096,7.272507347,1.519249346,1.4936,0.103184495,4.34,0.58685603,1.28E+11,49.92191247,SS
1.484119,0.101110103,1851.02353,440.5852339,-34.905488,10.75480229,1.200846125,1.52956,0.253052972,5.785,3.032618506,98905500000,41.97363839,AM
1.487,0.060972711,2444.2,361.8421755,-1.6,2.311709324,1.609437912,1.586,0.309554519,4.6,0.8,1.38E+11,55.79824768,SS
1.487574074,0.062373018,856.5021605,107.9646516,-2.501905197,1.191731419,1.090269752,1.503580247,0.157207959,5.327160494,4.413545713,61938271605,13.88564022,IM
1.4877,0.1104,973.38,554.02,-4.7347,2.8234,0.9557,2.0286,0.2099,6.7143,3.1493,1.16E+11,68.1008,IM
1.48872,0.049230841,2397.1976,642.8454603,-6.3296,8.313593039,1.744040246,1.4788,0.115838508,4.32,0.61449166,1.29E+11,48.59128225,SS
1.48875,0.050899898,1052.4675,316.0343205,-2.25,0.324759526,0.562335145,1.9375,0.012990381,9.25,3.031088913,89500000000,18.18653348,IM
1.4892,0.038818129,974.298,444.6215802,-10.56,0.215555097,0.673011667,2.236,0.372322441,7.8,3.92E+00,1.45E+11,91.44925006,IM
1.492230769,0.026908604,601.3146154,221.4369231,-3.408284024,0.273099681,0.61724177,1.173846154,0.290769231,1.615384615,0.923076923,31000000000,30,IM
1.493333333,0.101962272,1067.923333,204.9525435,-2.666666667,0.15713484,0.636514168,1.506666667,0.278128667,5,4.24E+00,76666666667,44.78342948,IM
1.4965,0.103809205,1928.4376,340.480546,-44.7568,3.727142597,0.826537633,1.5032,0.252463383,5.48,2.69E+00,99630000000,47.65922191,AM
1.4976,0.099743591,1863.62,396.1569814,-32.2175,8.442054702,1.009557071,1.50875,0.25382265,5.75,3.03E+00,94241666667,38.50964796,AM
1.49874,0.101361866,1902.5215,367.7490957,-39.2688,7.932141274,0.977985616,1.5025,0.251345877,5.55,2.819131072,96830000000,43.88039919,AM
1.499,0.077416547,973.1025,68.64550363,-15,2.165063509,0.562335145,1.4825,0.220836478,3,0,64750000000,19.48557159,IM
1.4996,0.055209892,929.282,5.129231521,-1.92,0.039191836,0.673011667,1.49,0.146969385,2.6,0.489897949,63600000000,15.18683641,IM
1.50034,0.099572308,1884.01,384.9825242,-35.4448,8.52418585,1.005985909,1.502,0.250543409,5.6,2.905167809,94830000000,40.85106404,AM
1.5004,0.0499,2523,476.41,2.72,1.2084,1.6094,1.454,0.1183,4.4,0.4899,1.32E+11,46.4268,SS
1.501076923,0.081397736,770.4238462,321.7027375,4.26035503,0.732955994,0.540204142,1.738461538,0.088478259,11.76923077,0.421325044,64615384615,41.28985434,IM
1.50348,0.096609903,1861.2555,408.1534332,-32.352,8.234657887,1.000883437,1.4986,0.246759073,5.57,2.950440645,92190000000,37.20621229,AM
1.5037,0.115754332,1359.424,233.8568998,-22.12,8.934826243,1.227529411,1.409,0.338214429,5,3.130495168,75800000000,59.46730194,AM
1.50592,0.113487044,1332.2302,204.241176,-25.2352,8.010368346,1.18898046,1.4132,0.343804828,5.18,3.374551822,74000000000,56.9912274,AM
1.50666,0.112719829,1323.1656,192.5121456,-26.3568,7.452936398,1.15391657,1.4146,0.345636861,5.24,3.45,73400000000,56.1287805,AM
1.5074,0.111946698,1314.101,179.5635277,-27.52,6.697493262,1.088899975,1.416,0.347453594,5.3,3.522782991,72800000000,55.24635735,AM
1.51185,0.110637097,1322.3272,201.0170355,-22.5536,9.915696617,1.1807339,1.4043,0.340435765,5.06,3.33,72280000000,56.45884873,AM
1.513,0.102513676,1021.687143,168.9229679,-25.59183673,5.0913908,0.519579839,1.515714286,0.180543397,3,0,67857142857,15.59238433,IM
1.51325,0.108609644,1315.5475,227.2436989,-27.37,8.398888483,1.201367004,1.398,0.327759058,4.75,3.08,71100000000,55.41290463,AM
1.5134,0.114621559,1260.191,190.6511885,-27.52,6.697493262,1.088899975,1.41,0.352221521,5.3,3.522782991,71000000000,56.5791481,AM
1.516214286,0.106355732,962.9407143,56.43212148,-25.59183673,5.0913908,0.519579839,1.505,0.201059693,3,0,64428571429,22.15759878,IM
1.517,0.157547792,1563.885,206.115,-23,0,0.693147181,1.57,0.33,7,4,92000000000,48,IM
1.5171,0.051625095,1314.832,600.177793,-0.4,14.11674183,1.557113098,1.383,0.225435135,2.8,1.077032961,66300000000,35.58103427,SS
1.518,0.048723866,2331.25,316.0279853,2.5,1.211919964,1.386294361,1.4425,0.129687123,4.25,0.433012702,1.15E+11,35.44545399,SS
1.520692308,0.039350514,840.6469231,311.7081415,-1.893491124,0.051817021,0.666278442,1.782307692,0.116761021,11.61538462,0.486504255,64307692308,28.21724681,IM
1.523,0.1141,1144.32,297.33,-7.2164,4.0457,0.9418,1.478,0.2775,4.73,4.0221,72700000000,43.3798,AM
1.524,0.05183727,1681.465,446.535,-20,0,0.693147181,1.63,0.3,7.5,3.5,85416666667,14.58333333,IM
1.524145,0.110196544,1137.6581,246.2450614,-8.4484,4.059060387,1.137001343,1.50695,0.295740084,5.26,4.222842644,74080000000,42.5263871,AM
1.526,0.1625,1521.39,163.62,-22,0,0.6931,1.56,0.34,7,4,90500000000,49.5,IM
1.526,0.14784248,873.46,161.8065441,-12.8,6.43341278,1.054920168,1.504,0.252634123,6.4,4.586937976,61800000000,22.56014184,IM
1.5268,0.052932165,653.837,230.1758772,5.28,1.749477636,1.088899975,1.766,0.145203306,3.3,0.458257569,57799000000,17.66754847,IM
1.529714286,0.055319516,1616.058571,591.1390432,-43.10204082,0.444374551,0.682908105,1.45,0.138564065,3.571428571,0.494871659,73047619048,2.556836906,IM
1.531,0.05813194,921.205,416.125,-10,0,0.693147181,2.25,0.29,7.5,3.5,1.39E+11,81,IM
1.531068966,0.054363704,927.3324138,5.156603838,-1.940546968,0.02928135,0.678209394,1.434137931,0.147753692,2.413793103,0.492512305,57827586207,15.26788147,IM
1.5325,0.046003263,2034.5,93.5,0,0,0.693147181,1.435,0.105,4,0,90416666667,19.58333333,AM
1.5326,0.054660413,771.68,185.3283939,-9.6,0.195959179,0.673011667,1.594,0.347827543,3.2,1.469693846,39400000000,6.85857128,IM
1.5346,0.068084664,2038.015,137.454358,-76.44,6.672230212,0.610864302,1.591,0.398684085,5.8,2.749545417,1.04E+11,50.02645134,AM
1.5346,0.054589176,1650.188,585.1977965,-42.24,0.862220389,0.673011667,1.442,0.137171426,3.6,0.489897949,72900000000,2.531139401,IM
1.5359,0.0948,1139.65,321.42,-8.02,4.1222,0.8865,1.4045,0.2596,3.75,3.1444,70050000000,55.162,AM
1.536,0.0677,1113.74,180.27,-38,0,0.6931,1.375,0.235,3,0,54000000000,22,IM
1.53865,0.107344199,1116.504,276.9825673,-5.86,3.243353974,0.981941601,1.447,0.264690385,4.3,3.769615365,70050000000,45.756393,AM
1.54025,0.105473258,1097.9925,246.1519108,-5.71,2.798747086,0.856840995,1.4465,0.263823331,4.35,3.850649296,68050000000,41.59143542,AM
1.54035,0.10557074,1119.2925,292.3407133,-5.71,2.798747086,0.856840995,1.4485,0.262016698,4.35,3.850649296,68350000000,41.38390388,AM
1.5408,0.141225337,969.776,72.612,-12.8,2.88,0.500402424,1.488,0.244,2.8,0.4,64200000000,23.6,IM
1.543333333,0.048422536,812.21,373.0949349,-9.333333333,3.168128318,1.098612289,2.063333333,0.354620298,9,3.559026084,1.07E+11,80.40453276,IM
1.544666667,0.093996068,1091.756667,347.2931386,1.777777778,0.10475656,0.636514168,2.47,0.098994949,8.666666667,3.299831646,1.62E+11,82.02438662,IM
1.5517,0.0831,1080.85,293.34,-5.4,3.0537,0.7306,1.383,0.2271,3.3,2.8302,63950000000,48.9035,AM
1.5517,0.018269005,570.886,134.7762058,-11.6,2.709686329,0.943348392,1.368,0.335255127,6.6,5.407402334,29900000000,15.45606677,IM
1.55205,0.094555407,1052.7835,305.8632314,-6.27,3.464426468,1.025093912,1.4235,0.227382387,4.45,4.030818775,61350000000,33.91942659,AM
1.5522,0.0961,1107.66,336.06,-7.35,4.0437,1.1984,1.4383,0.2499,4.325,3.8235,65850000000,42.3453,AM
1.55345,0.093637487,1115.3645,284.8286036,-13.24,8.15576802,1.09440863,1.463,0.298062074,4.3,3.769615365,68050000000,43.47237629,AM
1.5536,0.083639826,1099.4,294.504567,-6.9,3.601989034,0.818808456,1.3745,0.232754699,3.35,2.815581645,63300000000,49.23626712,AM
1.5571,0.0913,1107.01,284.54,-7.69,3.4203,1.0251,1.4515,0.2673,4.35,3.8506,64350000000,35.825,AM
1.558,0.114371572,1070.696667,194.0678131,-33.77777778,1.990374643,0.636514168,1.463333333,0.207417989,3,0,63333333333,17.91337179,IM
1.5607,0.0538,782.5,392.33,-8.8889,0.5238,0.6365,2.1533,0.2734,6.3333,3.2998,1.12E+11,76.3675,IM
1.562,0.043245827,1000.9825,135.0696521,-7.5,1.082531755,0.562335145,1.465,0.268467875,4.25,3.897114317,58750000000,23.8156986,IM
1.563,0.118529736,979.3133333,64.83226374,-33.77777778,1.990374643,0.636514168,1.446666667,0.230988215,3,0,58000000000,25.45584412,IM
1.566,0.1507,1351.39,447.61,-68,0,0.6931,1.635,0.415,4,1,41500000000,0.5,IM
1.568714286,0.050412957,1052.292857,316.7015274,-19.59183673,7.141369512,0.410116318,1.437142857,0.311435124,3.142857143,2.799416849,64285714286,47.24015933,IM
1.5694,0.0691,1040.6,254.43,-4.4,2.6022,0.639,1.353,0.1925,2.9,2.3854,57200000000,41.1164,AM
1.57024,0.135264301,1407.3928,306.5419455,-27.5584,12.9397767,1.354077539,1.4224,0.289969378,4.2,2.4,74320000000,55.38427214,AM
1.5708,0.13550695,1588.0728,368.158987,-34.9248,10.92538855,1.354077539,1.4736,0.251457829,4.2,2.4,80400000000,51.54648388,AM
1.57625,0.009065452,676.415,142.3659161,-4.5,0.649519053,0.562335145,1.595,0.164544827,9.5,4.330127019,42750000000,1.299038106,IM
1.581,0.1333,1019.98,122.34,-33.7778,1.9904,0.6365,1.44,0.2404,3,0,60000000000,22.6274,IM
1.583714286,0.138739051,1350.191429,386.6036377,-65.63265306,0.676661248,0.682908105,1.575714286,0.410743477,3.857142857,0.989743319,41428571429,0.494871659,IM
1.5844,0.0449,671.53,332.9,-6.4,1.44,0.5004,2.076,0.232,5.4,2.8,90400000000,64.8,IM
1.5845,0.0104,758.61,164.39,-6,0,0.6931,1.5,0.19,7,5,43500000000,1.5,IM
1.5904,0.1395,1566.87,356.44,-33.9328,10.6539,1.3596,1.4491,0.2668,4.2,2.4,76850000000,53.6034,AM
1.5928,0.009,840.81,142.37,-4.5,0.6495,0.5623,1.405,0.1645,4.5,4.3301,44250000000,1.299,IM
1.59544,0.141642517,1523.8728,338.6670153,-34.5664,10.76440009,1.354077539,1.4024,0.309092607,4.2,2.4,76372000000,53.93446038,AM
1.599714286,0.146013213,1415.334286,443.0190068,-66.6122449,0.68676067,0.682908105,1.575714286,0.410743477,3.857142857,0.989743319,41428571429,0.494871659,IM
1.601,0.165893148,913.7166667,172.9762821,-18.22222222,6.556810928,1.098612289,1.42,0.297433466,5.666666667,4.496912521,54333333333,26.51205177,IM
1.6024,0.1447,1465.79,307.19,-34.4704,5.627,0.9891,1.4344,0.2791,4.2,2.4,75520000000,54.5125,AM
1.6025,0.1447,1478.57,316.22,-34.4128,8.1791,1.1798,1.4356,0.2781,4.2,2.4,75700000000,54.3931,AM
1.6026,0.1448,1499.87,329.63,-34.3168,10.3076,1.3241,1.4376,0.2765,4.2,2.4,76000000000,54.1923,AM
1.60264,0.144772104,1508.3928,334.4646749,-34.2784,10.73691002,1.354077539,1.4384,0.275806889,4.2,2.4,76120000000,54.11123358,AM
1.604,0.153112181,1489.301,213.6890967,-28,6.89492567,1.088899975,1.452,0.318929459,5.3,3.522782991,76400000000,52.60266153,AM
1.6075,0.13371731,1392.0425,378.2065062,-62.8125,2.02726472,0.661563238,1.53125,0.401822022,3.75,0.968245837,41375000000,0.484122918,IM
1.6076,0.124063092,810.08,227.7415851,-26.24,12.07572905,1.054920168,1.532,0.414217334,3.2,1.469693846,33800000000,10.47664068,IM
1.6087,0.1582,1267.77,413.31,-22.0584,11.4907,1.2494,1.4127,0.3496,5.215,3.3673,72840000000,63.8813,AM
1.613,0.1192,895.09,142.8,-9.124,3.6187,0.9949,1.3464,0.2184,4.7273,4.4536,46727272727,17.6073,IM
1.6153,0.0093,513.18,25.63,0,0,0.3046,1.9355,0.0776,4.7273,2.2998,56545454545,4.5997,IM
1.6184,0.15889284,1180.301,222.6141237,-26.56,6.605977899,1.088899975,1.404,0.356992997,5.3,3.522782991,66800000000,59.71398496,AM
1.6245,0.154721258,1177.5975,253.8605945,-30.6,6.620445604,1.105889879,1.39,0.34288482,4.85,3.213642793,65600000000,60.60891024,AM
1.625,0.140619088,1463.2925,433.3965189,-63.75,2.057522403,0.661563238,1.53125,0.401822022,3.75,0.968245837,41375000000,0.484122918,IM
1.6285,0.120663187,1002.235,68.765,-38,0,0.693147181,1.365,0.245,3,0,49000000000,27,IM
1.64065,0.164996524,1235.1175,268.9053205,-37.18,4.797253277,0.997271523,1.3895,0.335312914,4.4,2.8,70400000000,58.30128644,AM
1.64225,0.163464401,1216.606,246.1156631,-35.35,6.73988965,1.109738552,1.389,0.334542972,4.45,2.906458326,68400000000,55.10571658,AM
1.64385,0.161917819,1198.0945,219.4320318,-33.6,7.606589249,1.135900959,1.3885,0.333770505,4.5,3.008321791,66400000000,51.6356466,AM
1.6441,0.16166711,1200.0945,224.3792294,-32.31,7.956107151,1.205215677,1.387,0.331483031,4.45,2.923610781,66400000000,51.6356466,AM
1.64545,0.160356368,1179.583,187.1965872,-31.93,7.898110185,1.109738552,1.388,0.332995495,4.55,3.106042498,64400000000,47.83137046,AM
1.64705,0.158779617,1161.0715,145.7715908,-30.34,7.791379275,0.997271523,1.3875,0.332217925,4.6,3.2,62400000000,43.60550424,AM
1.6473,0.0881,846.18,347.29,1.7778,0.1048,0.6365,2.4,0.099,6.3333,3.2998,1.04E+11,82.0244,IM
1.648,0.0927,1491.16,394.34,-33.7778,1.9904,0.6365,1.3633,0.1744,3,0,54666666667,15.0849,IM
1.6488,0.148668041,1164.61075,236.1803726,-28.135,5.823898958,1.03012779,1.358,0.33499403,4.675,3.117591218,60300000000,58.39957192,AM
1.6533,0.0547,1028.54,182.8,-4.5,0.6495,0.5623,1.275,0.0606,2.25,0.433,43250000000,3.0311,IM
1.6533,0.144722268,1235.574,408.8367668,-19.86,11.5108445,1.120571037,1.35,0.325392071,4.6,2.989983278,62400000000,60.36091451,AM
1.654,0.0887,583.84,25.62,0,0,0.6109,2.237,0.1421,4.3,0.4583,41500000000,6.8739,IM
1.6555,0.13500453,1063.235,129.765,-38,0,0.693147181,1.355,0.255,3,0,52000000000,24,IM
1.659,0.101927429,936.3684211,38.97531003,-1.506925208,0.76510522,0.336495758,1.272105263,0.110481194,2,0,41515151515,10.15999194,IM
1.660333333,0.083774199,437.535,74.85591977,-4,1.247219129,1.011404265,1.481666667,0.391382876,3.833333333,3.760171391,25765000000,14.10103631,IM
1.6646,0.1426,1129.4,160.87,-21.5568,6.3309,0.8926,1.3392,0.3282,4.7,3.2265,53960000000,49.9303,AM
1.6707,0.059,1063.72,199,-5.3333,0.3143,0.6365,1.2633,0.066,2.3333,0.4714,42666666667,3.2998,IM
1.673,0.0797,784.79,319.01,1.5,0.2165,0.5623,2.3825,0.0909,5.75,3.0311,89500000000,75.3442,IM
1.6731,0.1412,1151.62,216.29,-25.12,5.2703,0.9404,1.326,0.3238,4.5,3.0083,55000000000,55.6004,AM
1.6837,0.1814,1038.41,201.54,-13.1111,6.147,1.7918,1.3183,0.3495,5.3333,4.3843,52482323232,43.5701,AM
1.69622,0.152377934,1189.6198,121.8532714,-25.2448,5.819805672,0.871383575,1.3314,0.332968527,4.6,3.2,57120000000,44.53521753,AM
1.729,0.210408066,1315.4328,384.8499013,-12.9088,11.82112013,1.354077539,1.3484,0.365214238,3.84,2.618090908,66721818182,61.65684605,AM
1.7302,0.050718319,1730.8,128.948672,0,0,1.609437912,1.208,0.059126982,3,4.44E-16,42140000000,3.815547143,SS
1.7462,0.1001,821.34,273.94,-32.3756,11.4285,1.0675,1.464,0.4305,2.823,0.9842,40094650206,18.2381,IM
1.7531,0.1637,1041.05,163.04,-10.6,5.4035,1.7481,1.227,0.3057,4.1,3.7269,41978787879,37.028,AM
1.7558,0.1571,922.91,226.16,-12.152,6.664,1.7471,1.1657,0.2612,4.09,3.9927,31238787879,21.863,AM
1.7578,0.209138042,1320.094,380.8806629,-9.76,11.63030249,1.33217904,1.322,0.369182882,3.8,2.638181192,64157575758,62.54431861,AM
1.7648,0.1525,974.54,155.77,-13.12,6.455,1.6094,1.202,0.2558,4.2,3.9192,34978787879,20.9709,AM
1.7786,0.013719577,1727,126.5811992,0,0,1.609437912,1.202,0.056,3,4.44E-16,41340000000,3.541525095,SS
1.7848,0.008091442,1689.2,77.05686212,0,0,1.609437912,1.194,0.048,3,4.44E-16,39740000000,1.212600511,SS
1.801,0.204941992,1327.0858,374.7393136,-4.6048,11.10199212,1.276234208,1.2824,0.37155651,3.74,2.666908322,60311212121,63.65902888,AM
1.80355,0.134526416,1001.736,168.439018,-14.26,4.195021692,0.886464476,1.1765,0.260312793,4,4,31800000000,21.45600149,AM
1.8058,0.021582588,1590.8,213.2945381,0,0,1.609437912,1.17,0.057965507,3,4.44E-16,37140000000,4.685979087,SS
1.8276,0.1326,1065.49,80.85,-15.8678,1.8403,0.586,1.1664,0.2717,2.2727,0.4454,33090909091,26.2763,IM
